1;Acai
2;adobo
3;Adobo
4;adzuki
5;agrumato
6;ahi tuna
7;alioli
8;ajwain
9;cerveza inglesa
10;Aleppo
11;alfalfa
12;pimienta de Jamaica
13;Almendra
14;Leche de almendras
15;Almendras
16;amaranto
17;amaretti
18;Amaretto
19;ámbar
20;Ambrosía
21;Anchoa
22;andouille
23;ángel
24;Anglaise
25;Angostura
26;anís
27;Anjeo
28;Antica
29;Aperol
30;manzana
31;coba
32;Albaricoque
33;Arbequina
34;arborio
35;Ártico
36;Armagnac
37;arrurruz
38;alcachofa
39;Rúcula
40;Asiago
41;espárragos
42;berenjena
43;Aguacate
44;Tocino
45;Rosquilla
46;Bagels
47;Bagna
48;junquillo
49;baguettes
50;Balsámico
51;bambú
52;Plátano
53;agraces
54;cebada
55;Bartlett
56;Albahaca
57;basmati
58;BBQ
59;Frijol
60;brotes de soja
61;barbas
62;Carne de vaca
63;Filete de ternera
64;cerveza
65;Remolacha
66;raíz de remolacha
67;Beluga
68;Berbere
69;Baya
70;Bhutaneses
71;Bibb
72;Bibimbap
73;bicarbonato
74;biscotti
75;Galleta
76;bisonte
77;Sopa de mariscos
78;bíter
79;Mora
80;grosella negra
81;blackstrap
82;blewits
83;Sangre
84;arándanos
85;arándano
86;Arándano
87;bok
88;capó
89;Borlotti
90;caldo
91;Borbón
92;Boursin
93;arco
94;cuenco
95;pajaritas
96;Braeburn
97;Bramley
98;Branca
99;brandy
100;Bratwurst
101;Pan de molde
102;Migaja de pan
103;panes
104;palitos de pan
105;pecho
106;queso Brie
107;salmuera
108;Brócoli
109;Caldo
110;marrón
111;Brownies
112;Brussel
113;Bruselas
114;Alforfón
115;Brotes
116;Búfalo
117;bulbo
118;Bulgur
119;bollo
120;Mantequilla
121;butterflied
122;butterhead
123;Suero de la leche
124;butternut
125;Repollo
126;coles
127;Cabernet
128;cacao
129;cactus
130;Cajún
131;calamar
132;Calasparra
133;calcio
134;Calimyrna
135;callalú
136;Calvados
137;Calville
138;Campari
139;Caramelo
140;Caña
141;cannellini
142;cannoli
143;Canola
144;Cantalupo
145;Capellini
146;Alcaparra
147;caperberries
148;alcaparras
149;capicola
150;carambolas
151;Caramelo
152;alcaravea
153;carbohidrato
154;cardamomo
155;carotts
156;Carpano
157;Zanahoria
158;cartílago
159;anacardo
160;Cashewmilk
161;tripas
162;casia
163;cassis
164;Cassoulet
165;Castelvetrano
166;castor
167;bagre
168;Cauda
169;Coliflor
170;cavatappi
171;caviar
172;Caviar
173;Cavolo
174;pimentón
175;pimentón
176;Cedro
177;apio nabo
178;Apio
179;celofán
180;centrar
181;cepes
182;ceppo
183;cereal
184;cereales
185;Cerignola
186;Ceviche
187;Chablis
188;Chai
189;jalá
190;Chambord
191;manzanilla
192;champán
193;Chana
194;Chantenay
195;rebozuelos
196;chapati
197;Carbonizarse
198;Acelga
199;Chardonnay
200;Charlotte
201;chayote
202;queso Cheddar
203;Cheerios
204;Queso
205;Tarta de queso
206;estopilla
207;guindas
208;Cereza
209;almeja redonda
210;piedras preciosas
211;perifollo
212;castaña
213;castañas
214;chevril
215;Chex
216;Chia
217;Pollo
218;gallinas
219;Garbanzo
220;achicoria
221;Chile
222;chimichurri
223;Chinkiang
224;chiocciole
225;Chioggia
226;chip
227;chipolatas
228;Chipotle
229;cebollín
230;cebollino
231;Cebolletas
232;Chocolate
233;Choi
234;chorizo
235;choy
236;crisantemos
237;Chatney
238;ciabatta
239;Sidra
240;Cilantro
241;Canela
242;Agrios
243;almeja
244;garra
245;Clementina
246;Clavo
247;trébol
248;clavos de olor
249;Cocchi
250;Cóctel
251;Cacao
252;Coco
253;bacalao
254;café
255;Coñac
256;licor de naranja
257;Colby
258;Ensalada de col
259;col rizada
260;berza
261;colorante
262;Comice
263;Compota
264;Galleta
265;guay
266;cilantro
267;Maíz
268;pan de maíz
269;Pasteles de maíz
270;copos de maíz
271;Harina de maíz
272;cornichon
273;cornichons
274;Maicena
275;Cotija
276;Cotta
277;Couche
278;Coulis
279;calabacín
280;cuscús
281;Crops
282;Cangrejo
283;carne de cangrejo
284;Cran
285;Arándano
286;cangrejo de río
287;Crema
288;nata
289;cremini
290;Crepes
291;berro
292;arruga
293;pan de centeno
294;panes crujientes
295;Crispin
296;crookneck
297;picatostes
298;Crutones
299;coronas
300;Crudit
301;Miga
302;Crunchmaster
303;Corteza
304;costras
305;Cubanelle
306;Pepino
307;comino
308;grosella
309;Curry
310;lactoso
311;chuletas
312;Cynar
313;Chipre
314;Daikon
315;dal
316;diente de león
317;dangmyun
318;Dashi
319;fiambres
320;Demerara
321;deveined
322;dhana
323;Dijon
324;Dijonesa
325;eneldo
326;dilly
327;doenjang
328;dolmas
329;Rosquilla
330;Donuts
331;Drambuie
332;drumettes
333;drumfish
334;baquetas
335;dukkah
336;dulse
337;bola de masa hervida
338;Albóndigas
339;Dungeness
340;Huevo
341;Berenjena
342;flor de saúco
343;Emmentaler
344;endibia
345;enoki
346;epazote
347;escarola
348;Café exprés
349;Fajitas
350;farfalle
351;farfelline
352;harina
353;Grasa
354;Hinojo
355;Fenogreco
356;Fernet
357;Feta
358;Fettuccine
359;Higo
360;Pescado
361;pan plano
362;Flatout
363;lino
364;linaza
365;Semilla de lino
366;floretes
367;platija
368;harina
369;frambuesa
370;Frangelico
371;freekeh
372;Fresno
373;Fricos
374;frisee
375;fromage
376;frondas
377;Crema
378;Fugit
379;Fuji
380;fusilli
381;Fuyu
382;galanga
383;ganache
384;garam
385;garbanzo
386;Ajo
387;Granate
388;Gazpacho
389;gelatina
390;joya
391;geranio
392;germen
393;Gew
394;ghee
395;pepinillo
396;Gigante
397;Menta
398;menudillos
399;agallas
400;Ginebra
401;Jengibre
402;Pan de jengibre
403;Galletas de jengibre
404;girolles
405;glac
406;Ñoquis
407;gobbetti
408;gochugaru
409;gochujang
410;Goji
411;grosellas
412;Gorgonzola
413;Gouda
414;Graham
415;Grana
416;Granola
417;Uva
418;pomelos
419;semilla de uva
420;grappa
421;gravad
422;Gravenstein
423;gravlax
424;granadina
425;sémola
426;Maní
427;Gruy
428;Gruyère
429;Guacamole
430;guayaba
431;Guinness
432;Golfo
433;chicle
434;gyoza
435;habanero
436;eglefino
437;Hakurei
438;halloumi
439;jamón
440;Hanout
441;judías
442;Harissa
443;Hass
444;havarti
445;Avellana
446;reliquia de familia
447;cáñamo
448;hierba
449;hierba
450;herbario
451;su cama
452;Su cama
453;Herbes
454;hierbas
455;Herby
456;patrimonio
457;arenque
458;Hershey
459;nuez dura
460;hoagie
461;corvejón
462;hoisin
463;maíz molido
464;Miel
465;Honeycrisp
466;gotas de miel
467;Rábano picante
468;Hubbard
469;arándanos
470;hummus
471;Hielo
472;jackfruit
473;Jacobsen
474;jalapeño
475;mermelada
476;Jambalaya
477;Jambon
478;Jeera
479;gelatina
480;Jicama
481;julienned
482;Kabocha
483;kaffir
484;Kahlua
485;Kalamata
486;col rizada
487;kalettes
488;Kasha
489;Kashi
490;Cachemira
491;Kavli
492;Kebabs
493;kefalotyri
494;kéfir
495;quelpo
496;Salsa de tomate
497;riñón
498;kielbasa
499;kimchi
500;Kipfler
501;kirsch
502;kiwi
503;Knudsen
504;colinabo
505;Kombu
506;kombucha
507;Krazy
508;Krisp
509;Krispies
510;kumquats
511;lacinato
512;lengua de gato
513;lager
514;Cordero
515;Lancashire
516;Lapsang
517;Grande
518;Lasaña
519;Laurier
520;lavash
521;lavanda
522;Capa
523;lecitina
524;Puerro
525;Leicester
526;lekvar
527;Limón
528;La hierba de limón
529;Lenteja
530;Lentejas
531;LePuy
532;Lechuga
533;lechugas
534;nivel
535;regaliz
536;Lillet
537;lirio
538;Lima
539;limeade
540;Licor de limón italiano
541;Lincolnshire
542;lingonberries
543;lingonberry
544;linguini
545;linaza
546;licor
547;littleneck
548;littlenecks
549;pan
550;langosta
551;Loganberries
552;lomo
553;chupete
554;apio de monte
555;salmón ahumado
556;lumpfish
557;lichis
558;Lyle
559;macadamia
560;macarrones
561;caballa
562;Macoun
563;Madras
564;mahi
565;mahlepi
566;Maine
567;hacer
568;Cambio de imagen
569;Fabricante
570;hace
571;Maki
572;Maldon
573;Malta
574;Manchego
575;mandarín
576;mandarinas
577;mangetout
578;Mango
579;mangos
580;Manicotti
581;Manila
582;Manischewitz
583;Manzanilla
584;Manzano
585;Arce
586;Maras
587;marrasquino
588;Marcona
589;Margarita
590;Maris
591;Mejorana
592;Marketside
593;mermelada
594;Marmite
595;Marnier
596;Marsala
597;malvavisco
598;Marzano
599;Mazapán
600;mascarpone
601;Matcha
602;maduro
603;Matzo
604;Maui
605;Mavrodaphne
606;Mayonesa
607;carne
608;albóndigas
609;medallones
610;medjool
611;Mein
612;Melba
613;melón
614;Merengues
615;Merlot
616;Mesclun
617;Microgreens
618;mignon
619;Leche
620;mijo
621;Minneola
622;menta
623;mirin
624;Miso
625;MitiCrema
626;mezcla
627;miyuk
628;mizuna
629;melaza
630;Topo
631;rape
632;morel
633;morillas
634;marroquí
635;mostaccioli
636;Mostarda
637;Mozzarella
638;Muenster
639;muesli
640;Mollete
641;Magdalenas
642;mung
643;Moscatel
644;muscovado
645;seta
646;Hongos
647;melón
648;musque
649;Mejillones
650;Mostaza
651;Mutsu
652;naan
653;Napa
654;Néctar
655;nectarina
656;Negra
657;negro
658;Nerón
659;Neufch
660;Neufchatel
661;Nicoise
662;Antiadherente
663;Cabeza
664;Tallarines
665;nopales
666;Nori
667;nuez moscada
668;Nueces
669;Roble
670;Avena
671;Oatcakes
672;Harina de avena
673;oelek
674;oi
675;aceituna
676;Cebolla
677;naranja
678;orecchiette
679;Orégano
680;orzo
681;ouzo
682;ostra
683;ostras
684;Padano
685;palma
686;Pan
687;Crepe
688;Panqueques
689;panceta
690;Panch
691;Queso indio
692;Panko
693;Panna
694;papaya
695;Pappardelle
696;Pimenton
697;paratha
698;sancochado
699;Parma
700;parmesano
701;Parmigiano
702;parnsips
703;Perejil
704;chirivía
705;pastinacas
706;pasilla
707;passata
708;maracuyá
709;pasta
710;Pastina
711;pastrami
712;Guisante
713;melocotón
714;Maní
715;Pera
716;chícharos
717;Pacana
718;Pecorino
719;Pekoe
720;Pepitas
721;Peppar
722;pimienta
723;Pepperidge
724;menta
725;pepperoncini
726;pepperoni
727;Pimientos
728;picante
729;Pernod
730;persa
731;caquis
732;pesto
733;pétalos
734;phoran
735;phyllo
736;Pickapeppa
737;pepinillos
738;decapado
739;pico
740;Paloma
741;pilsner
742;Pimentón
743;morrón
744;pimiento
745;Pellizco
746;pino
747;piña
748;Pinot
749;Gaitero
750;Reineta
751;Piquillo
752;pistacho
753;pozo
754;Agave
755;pitas
756;médula
757;plátanos
758;ciruela
759;vaina
760;Polenta
761;polen
762;Granada
763;granadas
764;Ponzu
765;palomitas de maiz
766;poppadoms
767;amapola
768;Pops
769;paleta
770;Porcini
771;Cerdo
772;gachas de avena
773;Patata
774;papas
775;potoatoes
776;en polvo
777;Almendra garapiñada
778;gamba
779;galleta salada
780;pretzels
781;jamón
782;Prosecco
783;Provenza
784;queso Provolone
785;ciruela pasa
786;pan integral de centeno
787;calabaza
788;puré
789;Puy
790;codorniz
791;queso
792;membrillo
793;Quinoa
794;Rabe
795;radiatore
796;radicchio
797;rábano
798;rábanos
799;pasa
800;Raita
801;Ramen
802;colza
803;lonchas
804;frambuesa
805;Ravioles
806;grosella
807;Reggiano
808;Reshampatti
809;ruibarbo
810;Costilla
811;arroz
812;ricotta
813;Riesling
814;rigate
815;rigatoni
816;corteza
817;asado
818;hueva
819;rogan
820;lechuga romana
821;raíz
822;Roquefort
823;Romero
824;Rotel
825;Rotini
826;Rouille
827;camarón
828;líquido
829;russets
830;nabo sueco
831;centeno
832;Ryvita
833;rztraminer
834;alazor
835;azafrán
836;salami
837;Salata
838;salmón
839;sal
840;Sambal
841;Sambuca
842;sardinas
843;sashimi
844;sauerkrat
845;Chucrut
846;salchicha
847;Sauternes
848;sauvignon
849;Saboya
850;escalada
851;cebollino
852;cebolletas
853;vieiras
854;scamorza
855;scapes
856;aguardiente
857;bollo
858;escocés
859;Mariscos
860;seasame
861;algas marinas
862;semilla
863;seitán
864;agua de Seltz
865;sémola
866;sencha
867;serrano
868;sésamo
869;chalote
870;Shao
871;Shaoxing
872;virutas
873;cáscara
874;mariscos
875;conchas
876;Conchas
877;Jerez
878;shichimi
879;shiitake
880;Shiraz
881;shishito
882;shiso
883;shitake
884;brotes
885;Shortcakes
886;camarón
887;Sichuan
888;siciliano
889;tamiz
890;Seda
891;silverbeet
892;solomillo
893;pargo
894;soba
895;salmón rojo
896;soda
897;sodio
898;Somen
899;sorgo
900;Souchong
901;soufflé
902;sopa
903;agrio
904;soja
905;haba de soja
906;leche de soja
907;espaguetis
908;spaghettini
909;mota
910;espelta
911;picante
912;Espinacas
913;Splenda
914;germinado
915;coles
916;calamar
917;Sriracha
918;Sriracha
919;Ssamjang
920;tallos
921;estrella
922;filete
923;vástago
924;tallos
925;stilton
926;Stilton
927;Stollen
928;cerveza negra
929;tenso
930;fresa
931;STREUSEL
932;esturión
933;azúcar
934;Zumaque
935;sunchokes
936;girasol
937;Sushi
938;sostenible
939;sueco
940;Dulce
941;maíz dulce
942;pez espada
943;jarabe
944;Tabasco
945;Tagine
946;tagliatelle
947;tahini
948;cola
949;Taleggio
950;Tamarindo
951;tangelos
952;mandarinas
953;tapenade
954;tapioca
955;estragón
956;sarro
957;Tasso
958;tatsoi
959;filete de lomo
960;Filete de lomo
961;solomillos
962;tendones
963;tentáculos
964;tequila
965;teriyaki
966;Teriyaki
967;Texmati
968;muslo
969;muslos
970;tomillo
971;tilapia
972;manzana
973;aceite de oliva
974;vainilla
975;cohete
976;cacahuete
977;tobiko
978;tofu
979;togarashi
980;tomatillos
981;tomate
982;tortellini
983;melaza
984;Treviso
985;Triscuit
986;trébedes
987;trompettes
988;trucha
989;trufa
990;Truvia
991;tubetti
992;cúrcuma
993;atún
994;nabo
995;tzatziki
996;Tzatziki
997;ternera
998;Veggie
999;Vera
1000;verbena
1001;Ver Jus
1002;fideos
1003;Vermut
1004;Verts
1005;Vidalia
1006;Vinagreta
1007;vinagre
1008;Vinny
1009;vodka
1010;oblea
1011;waffles
1012;wakame
1013;Walla
1014;Wasabi
1015;Agua
1016;berro
1017;sandía
1018;hierba
1019;Wehani
1020;Trigo
1021;suero
1022;whisky
1023;grano integral
1024;vino
1025;wonton
1026;xantano
1027;Ximenez
1028;Xing
1029;batata
1030;yau
1031;levadura
1032;aleta amarilla
1033;Yogur
1034;yema de huevo
1035;yuca
1036;Yukon
1037;Sabayón
1038;Zamorano
1039;zested
1040;Zinfandel
1041;Zinger
1042;ziti
1043;zolfini
1044;calabacín
1045;cebolleta
1046;chalotas
1047;crème fraîche
1048;laurel
1049;aceite vegetal
1050;baby sweetcorn
1051;polvo de hornear
1052;bérberos
1053;endivias
1054;quinua
1055;farro
1056;espárrago
1057;ricota
1058;camotes
1059;habas
1060;fechas
1061;chapata
1062;chalotas
1063;jersey Royals
1064;masa madre
1065;gnocchi
1066;hojaldre
1067;okra
1068;col china
1069;col verder
1070;col roja
1071;chalota
1072;cebolla
1073;chili
1074;margarina
1075;manteca vegetal
1076;sabia
1077;pittas
1078;quindilla
1079;arvejas
1080;spaghetti
1081;sabio
1082;papa
1083;aji
1084;corazon de romana
1085;perilla
1086;ketchup
1087;pavo
1088;zucchini
1089;cavena
1090;res
1091;bourbon
1092;condimento italiano
1093;adereso ranchero
1094;sake
1095;alubias
1096;edamame
1097;durazno
1098;prosciutto
1099;durazno
1100;paprika
1101;nuez
1102;boniato
1103;col verde
1104;col cariño
1105;asafétida
1106;polvo de cinco especias
1107;puerto
1108;sebo vegetariano sin gluten
1109;sultanas
1110;tortilla integral
1111;jamaica
1112;linguine
1113;datiles
1114;aceite de cocina
1115;Bistec de falda 
1116;condimento Old Bay
1117;tubérculos tostados
1118;polvo chino
1119;condimento Old Bay
1120;tostadas
1121;broccolini
1122;cavena
1123;verduras congeladas
1124;espagueti multigrano 
1125;Vendaje
1126;hojas de masa
1127;condimento para aves de corral
1128;hueso Boston
1129;masa de pizza preparada
1130;espagueti integral
1131;adereso ranchero ligero
1132;puerto de rubí
1133;verduras mixtas
1134;oz jicaca
